"instance_id","repo","problem_statement","generated_patch","is_resolved","is_completed","evaluation_status","evaluation_method"
"astropy__astropy-12907","astropy/astropy","Modeling's `separability_matrix` does not compute separability correctly for nested CompoundModels
Consider the following model:

```python
from astropy.modeling import models as m
from astropy.modeling.separable import separability_matrix

cm = m.Linear1D(10) & m.Linear1D(5)
```

It's separability matrix as you might expect is a diagonal:

```python
>>> separability_matrix(cm)
array([[ True, False],
       [False,  True]])
```

If I make the model more complex:
```python
>>> ...","--- a/astropy/modeling/separable.py
+++ b/astropy/modeling/separable.py
@@ -41,13 +41,28","false","false","failed","official_swebench"
"astropy__astropy-13033","astropy/astropy","TimeSeries: misleading exception when required column check fails.
<!-- This comments are hidden when you submit the issue,
so you do not need to remove them! -->

<!-- Please be sure to check out our contributing guidelines,
https://github.com/astropy/astropy/blob/main/CONTRIBUTING.md .
Please be sure to check out our code of conduct,
https://github.com/astropy/astropy/blob/main/CODE_OF_CONDUCT.md . -->

<!-- Please have a search on our GitHub repository to see if a similar
issue has a...","--- a/astropy/timeseries/core.py
+++ b/astropy/timeseries/core.py
@@ -77,10 +77,14","false","false","failed","official_swebench"
"astropy__astropy-13236","astropy/astropy","Consider removing auto-transform of structured column into NdarrayMixin
<!-- This comments are hidden when you submit the issue,
so you do not need to remove them! -->

<!-- Please be sure to check out our contributing guidelines,
https://github.com/astropy/astropy/blob/main/CONTRIBUTING.md .
Please be sure to check out our code of conduct,
https://github.com/astropy/astropy/blob/main/CODE_OF_CONDUCT.md . -->

<!-- Please have a search on our GitHub repository to see if a similar
issue ...","--- a/astropy/table/table.py
+++ b/astropy/table/table.py
@@ -1556,12 +1556,6","false","false","failed","official_swebench"
"astropy__astropy-13398","astropy/astropy","A direct approach to ITRS to Observed transformations that stays within the ITRS.
<!-- This comments are hidden when you submit the issue,
so you do not need to remove them! -->

<!-- Please be sure to check out our contributing guidelines,
https://github.com/astropy/astropy/blob/main/CONTRIBUTING.md .
Please be sure to check out our code of conduct,
https://github.com/astropy/astropy/blob/main/CODE_OF_CONDUCT.md . -->

<!-- Please have a search on our GitHub repository to see if a simil...","--- /dev/null
+++ b/astropy/coordinates/builtin_frames/itrs_observed.py
@@ -0,0 +1,72","false","false","failed","official_swebench"